date;time;station;SO2 ppb;PM10 µg/m3 std;PM2.5 µg/m3 std;NO2 ppb;CO ppm;O3 ppb
2026-04-01;00:00;EST-01;3.27;31.4;17.44;9.64;0.492;48.79
2026-04-01;01:00;EST-01;3.14;37.05;16.38;9.82;0.571;52.52
2026-04-01;02:00;EST-01;3.13;23.22;;14.78;0.339;45.21
2026-04-01;03:00;EST-01;0.79;21.27;11.66;11.37;0.36;45.62
2026-04-01;04:00;EST-01;3.46;28.48;9.59;11.05;0.541;41.82
2026-04-01;05:00;EST-01;1.75;27.69;15.45;11.4;0.73;34.62
2026-04-01;06:00;EST-01;3.96;37.11;;16.05;0.688;36.99
2026-04-01;07:00;EST-01;3.01;33.7;24.98;12.48;0.863;36.02
2026-04-01;08:00;EST-01;4.23;46.8;23.67;16.2;0.859;37.88
2026-04-01;09:00;EST-01;5.29;40.45;21.54;26.0;1.113;32.05
2026-04-01;10:00;EST-01;6.24;35.02;22.95;20.75;0.955;35.69
2026-04-01;11:00;EST-01;;45.91;18.49;24.19;1.175;28.7
2026-04-01;12:00;EST-01;6.18;39.41;28.0;31.55;1.114;39.41
2026-04-01;13:00;EST-01;6.63;49.74;22.4;28.48;1.23;43.66
2026-04-01;14:00;EST-01;;34.12;23.96;28.23;1.34;50.77
2026-04-01;15:00;EST-01;6.9;44.61;;33.9;1.187;53.65
2026-04-01;16:00;EST-01;5.18;42.08;17.69;20.65;1.117;49.25
2026-04-01;17:00;EST-01;6.61;52.51;20.21;24.87;;58.8
2026-04-01;18:00;EST-01;5.79;36.56;24.96;27.58;0.901;57.93
2026-04-01;19:00;EST-01;5.56;30.03;22.69;19.9;1.057;60.54
2026-04-01;20:00;EST-01;5.11;31.25;20.58;13.01;0.714;
2026-04-01;21:00;EST-01;1.93;38.33;14.11;21.7;0.658;63.47
2026-04-01;22:00;EST-01;4.16;22.58;23.87;22.27;0.667;56.96
2026-04-01;23:00;EST-01;3.39;24.71;22.72;12.46;0.596;52.37
2026-04-02;00:00;EST-01;2.52;21.94;22.8;12.59;0.663;53.82
2026-04-02;01:00;EST-01;2.23;27.04;16.14;12.34;0.467;49.24
2026-04-02;02:00;EST-01;;23.96;23.79;;0.374;49.19
2026-04-02;03:00;EST-01;4.76;20.28;17.37;9.78;0.301;47.94
2026-04-02;04:00;EST-01;3.24;30.03;15.77;15.02;0.482;40.54
2026-04-02;05:00;EST-01;2.26;23.26;23.55;12.61;;38.49
2026-04-02;06:00;EST-01;3.47;28.75;21.71;15.29;0.657;36.79
2026-04-02;07:00;EST-01;5.89;37.33;21.56;16.42;0.594;40.17
2026-04-02;08:00;EST-01;6.16;33.96;22.9;24.13;0.95;39.61
2026-04-02;09:00;EST-01;4.97;45.44;17.41;26.78;1.0;39.79
2026-04-02;10:00;EST-01;8.25;46.71;18.49;18.75;1.123;31.6
2026-04-02;11:00;EST-01;6.4;44.08;17.37;18.92;1.129;38.88
2026-04-02;12:00;EST-01;6.44;40.23;20.59;22.74;1.133;36.39
2026-04-02;13:00;EST-01;4.96;43.63;23.68;31.32;1.069;
2026-04-02;14:00;EST-01;5.8;35.48;24.68;26.87;1.243;49.2
2026-04-02;15:00;EST-01;9.36;32.24;27.01;29.34;1.186;
2026-04-02;16:00;EST-01;6.18;44.46;23.31;29.12;1.118;59.52
2026-04-02;17:00;EST-01;6.39;25.84;20.7;19.49;0.707;53.69
2026-04-02;18:00;EST-01;7.6;38.08;18.4;21.74;1.161;59.11
2026-04-02;19:00;EST-01;;36.03;21.91;26.55;1.007;60.65
2026-04-02;20:00;EST-01;3.75;37.87;18.61;25.38;0.697;59.31
2026-04-02;21:00;EST-01;4.47;25.3;26.25;24.51;0.704;
2026-04-02;22:00;EST-01;4.45;16.12;20.38;16.25;0.685;52.94
2026-04-02;23:00;EST-01;3.26;29.49;23.04;15.97;0.602;63.98
2026-04-03;00:00;EST-01;2.6;27.27;12.04;;;58.33
2026-04-03;01:00;EST-01;3.87;29.67;18.86;11.3;0.487;51.01
2026-04-03;02:00;EST-01;4.81;32.13;17.8;9.68;0.424;55.51
2026-04-03;03:00;EST-01;3.68;29.41;16.89;7.87;0.504;48.63
2026-04-03;04:00;EST-01;;28.24;17.63;13.64;0.356;40.07
2026-04-03;05:00;EST-01;2.56;35.86;16.18;16.94;0.785;37.09
2026-04-03;06:00;EST-01;;32.95;19.49;12.53;0.73;46.75
2026-04-03;07:00;EST-01;4.17;32.03;16.57;19.95;0.61;29.89
2026-04-03;08:00;EST-01;6.54;29.37;24.78;27.1;0.881;37.77
2026-04-03;09:00;EST-01;7.86;35.17;19.7;17.92;0.946;42.82
2026-04-03;10:00;EST-01;7.15;32.15;19.51;23.48;1.06;35.65
2026-04-03;11:00;EST-01;6.67;40.82;;27.2;1.122;38.24
2026-04-03;12:00;EST-01;7.34;51.22;25.67;29.02;0.951;43.19
2026-04-03;13:00;EST-01;4.6;32.14;26.89;32.52;1.17;35.71
2026-04-03;14:00;EST-01;6.55;36.73;26.23;39.03;1.226;43.6
2026-04-03;15:00;EST-01;5.53;40.26;23.28;25.09;1.202;44.98
2026-04-03;16:00;EST-01;8.07;46.37;27.39;26.9;1.215;53.09
2026-04-03;17:00;EST-01;5.95;37.01;18.57;21.59;1.193;55.38
2026-04-03;18:00;EST-01;6.26;43.81;16.43;22.36;1.046;60.29
2026-04-03;19:00;EST-01;5.07;42.53;22.51;18.48;0.829;63.6
2026-04-03;20:00;EST-01;5.56;23.41;25.72;23.39;1.011;
2026-04-03;21:00;EST-01;4.13;26.49;29.1;17.97;0.95;56.34
2026-04-03;22:00;EST-01;4.2;21.77;18.16;20.44;0.525;63.69
2026-04-03;23:00;EST-01;3.99;;17.12;;0.597;53.66
2026-04-04;00:00;EST-01;2.28;27.78;14.81;8.05;0.541;58.16
2026-04-04;01:00;EST-01;1.23;29.03;15.83;8.4;;48.14
2026-04-04;02:00;EST-01;4.8;24.12;19.35;11.09;0.41;50.44
2026-04-04;03:00;EST-01;2.88;32.62;17.94;7.96;0.5;44.52
2026-04-04;04:00;EST-01;4.42;24.17;18.26;6.32;0.625;35.84
2026-04-04;05:00;EST-01;1.42;30.2;22.75;8.54;0.472;34.94
2026-04-04;06:00;EST-01;2.64;34.08;16.67;13.61;0.745;32.9
2026-04-04;07:00;EST-01;5.0;27.42;15.98;11.33;0.983;33.82
2026-04-04;08:00;EST-01;5.29;34.61;21.56;21.2;1.079;29.81
2026-04-04;09:00;EST-01;3.65;30.28;17.1;26.32;1.039;30.62
2026-04-04;10:00;EST-01;4.33;35.67;27.37;14.22;;31.3
2026-04-04;11:00;EST-01;7.66;32.58;22.12;21.34;0.98;45.59
2026-04-04;12:00;EST-01;7.72;37.59;20.55;21.22;1.106;41.1
2026-04-04;13:00;EST-01;6.83;40.03;19.97;29.43;1.183;50.72
2026-04-04;14:00;EST-01;9.24;39.98;21.32;29.74;1.127;43.79
2026-04-04;15:00;EST-01;6.86;34.34;26.02;29.28;1.218;49.82
2026-04-04;16:00;EST-01;5.86;34.31;22.77;26.6;1.181;53.73
2026-04-04;17:00;EST-01;4.78;39.45;18.42;24.9;1.062;45.96
2026-04-04;18:00;EST-01;6.11;38.71;21.95;23.8;0.98;53.44
2026-04-04;19:00;EST-01;5.19;33.04;22.1;18.51;0.969;60.29
2026-04-04;20:00;EST-01;4.83;32.16;22.93;14.34;0.905;61.22
2026-04-04;21:00;EST-01;4.82;35.55;17.94;17.63;0.836;61.73
2026-04-04;22:00;EST-01;4.25;22.71;21.38;21.18;0.796;59.49
2026-04-04;23:00;EST-01;1.72;36.21;18.36;4.51;0.648;48.88
2026-04-05;00:00;EST-01;1.71;25.79;22.86;11.72;0.579;62.49
2026-04-05;01:00;EST-01;4.98;28.38;17.26;7.26;0.429;52.86
2026-04-05;02:00;EST-01;3.47;29.46;21.48;8.91;0.493;51.16
2026-04-05;03:00;EST-01;3.77;35.43;19.49;11.07;0.555;39.25
2026-04-05;04:00;EST-01;1.3;33.09;18.21;14.44;0.343;39.42
2026-04-05;05:00;EST-01;2.87;25.37;;13.3;0.71;40.57
2026-04-05;06:00;EST-01;3.28;31.71;22.15;5.46;0.66;39.39
2026-04-05;07:00;EST-01;5.3;43.45;24.2;19.92;0.796;39.36
2026-04-05;08:00;EST-01;4.35;34.56;24.17;28.83;0.831;34.76
2026-04-05;09:00;EST-01;5.76;44.41;21.67;29.21;0.825;34.5
2026-04-05;10:00;EST-01;5.76;42.52;26.16;19.46;0.915;38.36
2026-04-05;11:00;EST-01;5.62;29.91;26.76;29.34;1.157;36.28
2026-04-05;12:00;EST-01;7.97;38.56;27.44;25.15;1.051;42.27
2026-04-05;13:00;EST-01;6.09;44.65;24.81;26.0;1.197;42.51
2026-04-05;14:00;EST-01;8.1;37.0;22.46;34.84;1.469;57.5
2026-04-05;15:00;EST-01;7.01;41.91;;29.2;1.071;
2026-04-05;16:00;EST-01;7.27;35.02;17.84;23.05;1.233;49.96
2026-04-05;17:00;EST-01;6.24;40.32;25.29;26.02;1.157;51.89
2026-04-05;18:00;EST-01;5.57;31.65;26.46;25.39;0.936;56.56
2026-04-05;19:00;EST-01;5.25;40.56;16.19;19.18;0.895;72.24
2026-04-05;20:00;EST-01;6.15;34.13;23.49;29.23;0.822;58.17
2026-04-05;21:00;EST-01;5.94;36.21;22.57;16.64;0.99;68.12
2026-04-05;22:00;EST-01;4.68;35.91;12.4;19.05;;60.49
2026-04-05;23:00;EST-01;4.4;28.51;12.96;16.11;0.514;54.69
2026-04-06;00:00;EST-01;2.54;27.55;10.32;18.07;0.577;59.31
2026-04-06;01:00;EST-01;5.44;29.14;11.79;8.73;0.367;48.23
2026-04-06;02:00;EST-01;3.1;16.79;19.2;5.96;0.536;46.95
2026-04-06;03:00;EST-01;2.69;28.57;16.21;9.86;0.31;44.12
2026-04-06;04:00;EST-01;5.48;41.49;23.03;16.03;;48.46
2026-04-06;05:00;EST-01;3.52;30.14;;15.0;0.55;38.24
2026-04-06;06:00;EST-01;2.7;29.56;27.48;16.22;0.646;
2026-04-06;07:00;EST-01;5.33;26.56;;22.34;0.792;36.04
2026-04-06;08:00;EST-01;6.86;30.73;21.29;18.92;;
2026-04-06;09:00;EST-01;4.71;33.18;24.1;25.75;;27.56
2026-04-06;10:00;EST-01;6.9;36.04;20.17;27.66;0.915;26.29
2026-04-06;11:00;EST-01;5.97;30.06;20.85;;1.135;46.6
2026-04-06;12:00;EST-01;6.49;30.8;20.95;25.12;1.007;43.43
2026-04-06;13:00;EST-01;6.16;28.73;26.34;29.25;1.231;44.79
2026-04-06;14:00;EST-01;7.76;41.03;28.33;31.7;1.247;49.55
2026-04-06;15:00;EST-01;5.18;39.61;;30.52;1.025;58.91
2026-04-06;16:00;EST-01;6.86;32.73;17.62;27.67;1.142;50.16
2026-04-06;17:00;EST-01;6.52;35.2;25.05;24.47;1.093;
2026-04-06;18:00;EST-01;9.09;31.75;20.87;22.14;1.119;52.58
2026-04-06;19:00;EST-01;4.94;36.18;18.35;;0.884;49.07
2026-04-06;20:00;EST-01;3.27;;;20.26;0.637;57.68
2026-04-06;21:00;EST-01;5.44;36.58;19.95;15.12;0.835;56.68
2026-04-06;22:00;EST-01;2.6;26.99;24.57;17.38;0.814;55.93
2026-04-06;23:00;EST-01;4.71;26.95;18.33;24.58;0.695;53.83
2026-04-07;00:00;EST-01;;31.56;22.64;11.25;0.338;
2026-04-07;01:00;EST-01;3.09;29.66;22.71;13.57;0.609;45.23
2026-04-07;02:00;EST-01;4.04;41.38;20.71;13.01;0.518;56.44
2026-04-07;03:00;EST-01;1.96;28.34;19.71;15.28;0.459;45.8
2026-04-07;04:00;EST-01;2.93;30.33;17.94;8.64;0.544;45.64
2026-04-07;05:00;EST-01;2.43;29.11;21.21;10.36;0.624;33.36
2026-04-07;06:00;EST-01;5.36;45.68;26.58;15.62;0.764;37.28
2026-04-07;07:00;EST-01;4.6;42.53;15.61;22.89;0.754;42.47
2026-04-07;08:00;EST-01;5.22;30.76;;23.94;0.854;37.44
2026-04-07;09:00;EST-01;4.89;23.55;24.93;26.13;0.958;35.77
2026-04-07;10:00;EST-01;7.24;35.06;20.03;24.75;1.168;29.74
2026-04-07;11:00;EST-01;7.84;35.21;19.27;32.4;1.086;32.16
2026-04-07;12:00;EST-01;;45.58;27.77;27.09;1.202;44.82
2026-04-07;13:00;EST-01;6.16;42.73;23.79;27.55;1.129;44.6
2026-04-07;14:00;EST-01;7.04;37.41;22.51;34.45;1.226;
2026-04-07;15:00;EST-01;8.37;44.13;31.85;26.39;1.285;49.14
2026-04-07;16:00;EST-01;8.96;50.2;16.76;24.92;1.233;57.7
2026-04-07;17:00;EST-01;7.3;38.62;24.71;29.98;1.088;61.48
2026-04-07;18:00;EST-01;3.29;41.6;18.88;29.33;0.998;53.88
2026-04-07;19:00;EST-01;5.97;30.88;18.58;17.06;0.937;62.06
2026-04-07;20:00;EST-01;6.23;33.95;24.67;21.07;0.839;
2026-04-07;21:00;EST-01;5.75;31.2;19.37;18.03;0.769;55.07
2026-04-07;22:00;EST-01;5.23;29.4;21.12;;0.718;60.28
2026-04-07;23:00;EST-01;3.08;42.68;20.18;21.74;0.718;53.03
2026-04-01;00:00;EST-02;3.81;40.22;23.62;16.4;0.663;40.71
2026-04-01;01:00;EST-02;;23.7;24.4;12.4;0.576;45.64
2026-04-01;02:00;EST-02;4.33;;16.88;10.74;0.405;38.67
2026-04-01;03:00;EST-02;5.98;30.66;25.38;9.82;0.698;38.67
2026-04-01;04:00;EST-02;4.2;41.02;29.55;16.98;0.712;32.38
2026-04-01;05:00;EST-02;5.29;37.08;26.79;17.46;0.961;24.75
2026-04-01;06:00;EST-02;4.64;45.09;23.27;16.33;0.793;25.78
2026-04-01;07:00;EST-02;5.63;55.89;29.23;17.23;0.805;29.4
2026-04-01;08:00;EST-02;7.21;37.87;23.58;27.54;1.104;29.13
2026-04-01;09:00;EST-02;5.18;35.05;24.33;17.41;1.181;28.28
2026-04-01;10:00;EST-02;7.58;57.01;31.61;23.9;1.279;38.46
2026-04-01;11:00;EST-02;6.52;41.32;27.74;23.96;1.424;22.63
2026-04-01;12:00;EST-02;6.4;46.38;27.8;32.46;1.336;36.18
2026-04-01;13:00;EST-02;9.3;35.76;28.9;29.83;1.354;41.37
2026-04-01;14:00;EST-02;6.91;44.95;31.77;34.4;1.268;53.7
2026-04-01;15:00;EST-02;10.7;39.82;29.95;42.73;1.432;47.84
2026-04-01;16:00;EST-02;7.48;44.75;27.85;29.59;1.392;47.76
2026-04-01;17:00;EST-02;6.88;39.83;27.95;26.79;1.226;57.55
2026-04-01;18:00;EST-02;7.44;48.83;28.75;28.74;1.16;52.79
2026-04-01;19:00;EST-02;7.43;37.85;31.47;26.47;1.001;53.13
2026-04-01;20:00;EST-02;5.19;43.76;23.49;28.57;0.906;44.64
2026-04-01;21:00;EST-02;;29.2;25.08;25.91;0.987;48.89
2026-04-01;22:00;EST-02;;50.47;25.61;19.52;0.952;
2026-04-01;23:00;EST-02;6.14;39.39;25.12;20.1;0.679;47.05
2026-04-02;00:00;EST-02;4.33;31.92;23.19;16.59;0.978;45.49
2026-04-02;01:00;EST-02;3.92;36.02;24.63;19.49;0.603;42.63
2026-04-02;02:00;EST-02;2.03;31.24;24.88;15.18;0.528;41.64
2026-04-02;03:00;EST-02;4.11;40.03;21.03;14.3;0.444;34.51
2026-04-02;04:00;EST-02;6.21;24.48;22.22;17.08;0.652;33.21
2026-04-02;05:00;EST-02;4.51;38.53;;10.13;0.735;30.39
2026-04-02;06:00;EST-02;4.34;41.16;26.74;23.09;0.765;37.29
2026-04-02;07:00;EST-02;6.89;48.07;30.09;21.09;0.889;35.55
2026-04-02;08:00;EST-02;4.36;44.06;24.14;22.52;0.791;26.55
2026-04-02;09:00;EST-02;6.49;;30.24;26.01;1.068;27.27
2026-04-02;10:00;EST-02;7.48;44.31;29.62;35.51;1.171;25.19
2026-04-02;11:00;EST-02;6.38;38.29;23.93;;1.275;27.06
2026-04-02;12:00;EST-02;;55.56;27.34;29.09;1.263;38.67
2026-04-02;13:00;EST-02;8.7;55.69;33.14;37.43;1.502;43.57
2026-04-02;14:00;EST-02;6.16;48.01;30.1;31.47;1.459;41.7
2026-04-02;15:00;EST-02;6.82;57.26;31.23;33.57;1.449;52.05
2026-04-02;16:00;EST-02;8.14;33.25;26.23;29.97;1.185;50.74
2026-04-02;17:00;EST-02;8.84;44.13;24.15;38.48;1.193;46.17
2026-04-02;18:00;EST-02;7.29;48.35;25.03;31.66;1.117;49.71
2026-04-02;19:00;EST-02;6.73;48.98;24.56;27.65;1.079;69.7
2026-04-02;20:00;EST-02;5.15;51.11;25.82;23.49;1.087;60.47
2026-04-02;21:00;EST-02;7.0;43.22;23.12;19.52;0.971;58.48
2026-04-02;22:00;EST-02;6.68;42.31;28.21;25.57;0.845;46.9
2026-04-02;23:00;EST-02;3.17;29.93;29.45;14.25;0.9;55.27
2026-04-03;00:00;EST-02;6.33;43.62;23.04;15.41;0.707;50.63
2026-04-03;01:00;EST-02;3.43;36.81;28.73;8.5;0.693;42.2
2026-04-03;02:00;EST-02;4.22;41.84;22.8;18.09;0.459;49.03
2026-04-03;03:00;EST-02;3.34;40.74;23.74;4.96;0.571;41.37
2026-04-03;04:00;EST-02;6.13;39.33;24.3;10.56;0.869;46.29
2026-04-03;05:00;EST-02;4.62;37.24;18.21;21.17;1.077;38.25
2026-04-03;06:00;EST-02;6.52;43.05;21.05;24.85;0.677;31.62
2026-04-03;07:00;EST-02;5.82;46.54;26.68;23.22;0.818;24.98
2026-04-03;08:00;EST-02;6.07;38.54;21.42;18.94;0.941;21.74
2026-04-03;09:00;EST-02;4.9;34.54;27.41;27.96;1.331;23.94
2026-04-03;10:00;EST-02;6.18;51.28;26.74;27.19;1.38;30.98
2026-04-03;11:00;EST-02;6.03;39.14;29.3;31.58;1.083;29.73
2026-04-03;12:00;EST-02;8.37;51.46;26.35;34.28;1.372;28.33
2026-04-03;13:00;EST-02;7.56;51.09;26.89;24.14;1.304;44.03
2026-04-03;14:00;EST-02;9.9;35.66;38.15;28.49;1.465;
2026-04-03;15:00;EST-02;9.11;49.49;24.83;35.2;1.252;34.12
2026-04-03;16:00;EST-02;11.13;52.24;34.96;28.15;1.479;57.7
2026-04-03;17:00;EST-02;9.28;46.92;23.91;29.65;0.983;43.83
2026-04-03;18:00;EST-02;7.11;39.85;26.92;28.06;1.407;60.81
2026-04-03;19:00;EST-02;6.46;51.61;24.05;24.98;1.2;49.37
2026-04-03;20:00;EST-02;5.67;34.87;26.41;30.53;0.91;57.13
2026-04-03;21:00;EST-02;4.41;34.35;20.9;27.49;1.193;57.99
2026-04-03;22:00;EST-02;4.14;44.03;23.33;22.71;0.86;55.72
2026-04-03;23:00;EST-02;5.31;35.08;22.46;10.75;0.699;45.23
2026-04-04;00:00;EST-02;4.09;31.86;23.76;;0.526;45.68
2026-04-04;01:00;EST-02;2.94;41.48;29.07;;0.62;54.06
2026-04-04;02:00;EST-02;2.18;45.8;20.7;;0.968;51.39
2026-04-04;03:00;EST-02;2.83;38.02;22.35;;0.484;36.86
2026-04-04;04:00;EST-02;4.83;38.94;27.6;;0.979;33.67
2026-04-04;05:00;EST-02;4.9;27.06;19.49;;0.639;37.31
2026-04-04;06:00;EST-02;4.93;33.53;23.28;;0.767;36.44
2026-04-04;07:00;EST-02;6.27;37.78;22.05;;;36.57
2026-04-04;08:00;EST-02;9.19;47.86;25.88;;0.897;26.47
2026-04-04;09:00;EST-02;5.31;41.98;25.28;;1.043;30.44
2026-04-04;10:00;EST-02;5.54;55.67;29.27;;1.271;
2026-04-04;11:00;EST-02;7.12;51.35;37.59;;1.389;43.15
2026-04-04;12:00;EST-02;8.24;52.59;33.08;;1.353;32.81
2026-04-04;13:00;EST-02;7.1;44.81;28.39;;1.394;33.01
2026-04-04;14:00;EST-02;10.43;55.9;31.6;;1.339;46.31
2026-04-04;15:00;EST-02;8.44;38.27;31.56;;1.111;51.83
2026-04-04;16:00;EST-02;8.19;47.31;33.52;;1.323;57.26
2026-04-04;17:00;EST-02;7.17;44.47;28.53;;1.438;47.68
2026-04-04;18:00;EST-02;8.08;38.08;29.91;;0.856;54.29
2026-04-04;19:00;EST-02;5.2;41.61;32.31;;;62.98
2026-04-04;20:00;EST-02;6.14;52.31;;;0.992;62.32
2026-04-04;21:00;EST-02;6.64;41.25;25.4;;0.838;65.5
2026-04-04;22:00;EST-02;5.01;32.82;22.78;;0.904;53.62
2026-04-04;23:00;EST-02;3.76;38.7;17.86;;0.851;49.87
2026-04-05;00:00;EST-02;4.73;45.12;25.74;16.29;0.959;53.18
2026-04-05;01:00;EST-02;3.63;41.52;;11.79;0.671;45.89
2026-04-05;02:00;EST-02;;;21.98;13.2;0.447;41.68
2026-04-05;03:00;EST-02;4.02;37.63;19.02;17.91;0.512;39.11
2026-04-05;04:00;EST-02;5.88;33.33;21.56;20.62;0.65;35.72
2026-04-05;05:00;EST-02;4.86;45.03;15.95;14.23;0.628;29.09
2026-04-05;06:00;EST-02;3.95;34.63;25.58;15.85;0.84;34.73
2026-04-05;07:00;EST-02;4.58;42.05;31.09;22.99;0.831;31.09
2026-04-05;08:00;EST-02;4.87;44.46;29.09;20.65;0.974;36.69
2026-04-05;09:00;EST-02;5.91;45.51;23.11;22.98;1.028;42.31
2026-04-05;10:00;EST-02;6.51;42.62;25.53;27.84;1.254;33.62
2026-04-05;11:00;EST-02;9.88;48.33;33.19;31.47;1.32;27.44
2026-04-05;12:00;EST-02;7.58;47.58;27.75;;1.409;35.31
2026-04-05;13:00;EST-02;7.41;47.06;28.1;34.32;1.186;35.61
2026-04-05;14:00;EST-02;8.35;49.67;27.68;30.7;1.25;43.21
2026-04-05;15:00;EST-02;9.35;42.25;34.23;36.07;1.284;50.65
2026-04-05;16:00;EST-02;5.97;37.61;24.08;30.16;1.264;47.17
2026-04-05;17:00;EST-02;7.53;34.23;29.86;;;50.27
2026-04-05;18:00;EST-02;5.61;37.57;23.98;28.45;1.246;57.15
2026-04-05;19:00;EST-02;5.32;39.6;23.55;28.13;0.846;61.77
2026-04-05;20:00;EST-02;5.42;38.1;27.19;28.13;1.041;61.26
2026-04-05;21:00;EST-02;5.64;48.62;29.58;21.27;1.082;56.4
2026-04-05;22:00;EST-02;5.1;;23.49;22.61;0.667;57.57
2026-04-05;23:00;EST-02;5.0;40.22;16.16;17.22;0.83;48.52
2026-04-06;00:00;EST-02;4.38;;25.75;13.56;0.801;40.54
2026-04-06;01:00;EST-02;4.9;35.58;25.93;11.6;0.588;57.95
2026-04-06;02:00;EST-02;3.0;32.56;22.03;10.91;0.793;52.13
2026-04-06;03:00;EST-02;3.22;26.65;27.2;19.74;0.761;46.05
2026-04-06;04:00;EST-02;3.23;36.59;18.56;10.53;0.815;33.89
2026-04-06;05:00;EST-02;7.32;39.0;21.64;20.83;0.969;37.09
2026-04-06;06:00;EST-02;3.54;42.03;29.31;17.53;0.732;37.76
2026-04-06;07:00;EST-02;5.65;34.63;23.89;18.65;0.945;31.97
2026-04-06;08:00;EST-02;7.38;47.06;20.53;25.63;1.108;33.28
2026-04-06;09:00;EST-02;7.75;41.06;23.45;30.05;0.963;20.63
2026-04-06;10:00;EST-02;8.23;41.45;26.43;22.91;1.016;26.89
2026-04-06;11:00;EST-02;6.98;49.26;20.08;33.37;1.106;29.33
2026-04-06;12:00;EST-02;8.55;47.55;23.22;39.17;1.2;38.49
2026-04-06;13:00;EST-02;8.17;57.06;27.3;36.73;1.249;45.88
2026-04-06;14:00;EST-02;;;35.64;34.27;;54.71
2026-04-06;15:00;EST-02;;43.7;31.47;27.97;1.473;52.77
2026-04-06;16:00;EST-02;7.04;44.23;29.22;31.85;1.186;52.59
2026-04-06;17:00;EST-02;4.96;44.45;26.71;29.27;1.284;
2026-04-06;18:00;EST-02;7.71;44.72;25.22;23.03;1.033;56.13
2026-04-06;19:00;EST-02;5.36;44.74;30.49;30.46;1.278;54.09
2026-04-06;20:00;EST-02;4.7;48.92;;28.5;1.001;61.98
2026-04-06;21:00;EST-02;6.5;45.55;;23.26;0.937;
2026-04-06;22:00;EST-02;6.19;36.73;30.57;19.08;0.943;
2026-04-06;23:00;EST-02;;50.75;22.8;12.53;0.667;50.75
2026-04-07;00:00;EST-02;6.85;38.84;26.67;12.2;0.739;
2026-04-07;01:00;EST-02;6.23;32.83;25.21;16.52;0.539;46.64
2026-04-07;02:00;EST-02;3.68;22.85;25.1;;0.597;36.81
2026-04-07;03:00;EST-02;5.84;38.6;26.66;20.95;0.599;44.33
2026-04-07;04:00;EST-02;3.98;37.23;23.1;16.2;0.831;37.87
2026-04-07;05:00;EST-02;4.4;36.9;25.07;14.06;0.692;34.4
2026-04-07;06:00;EST-02;4.32;39.09;22.36;27.52;0.984;34.92
2026-04-07;07:00;EST-02;5.42;54.39;26.35;21.32;0.946;32.96
2026-04-07;08:00;EST-02;7.69;42.69;33.35;20.47;1.083;25.99
2026-04-07;09:00;EST-02;8.7;42.37;26.57;30.03;1.241;25.87
2026-04-07;10:00;EST-02;6.58;37.43;27.98;28.09;1.133;29.25
2026-04-07;11:00;EST-02;6.95;42.56;29.97;36.43;1.016;34.08
2026-04-07;12:00;EST-02;;50.95;25.27;31.21;1.178;40.73
2026-04-07;13:00;EST-02;8.05;;30.19;31.71;1.152;43.24
2026-04-07;14:00;EST-02;8.35;;32.45;37.87;1.219;39.59
2026-04-07;15:00;EST-02;9.79;57.11;26.31;27.97;1.262;44.24
2026-04-07;16:00;EST-02;5.83;48.18;24.12;26.95;1.413;46.33
2026-04-07;17:00;EST-02;7.33;50.82;30.97;29.02;1.253;48.21
2026-04-07;18:00;EST-02;9.1;49.7;;28.52;1.261;56.72
2026-04-07;19:00;EST-02;8.71;;24.89;25.97;0.937;56.82
2026-04-07;20:00;EST-02;6.18;59.02;;15.63;0.919;56.56
2026-04-07;21:00;EST-02;3.98;36.04;23.94;23.04;0.89;51.13
2026-04-07;22:00;EST-02;5.95;36.56;22.75;13.98;0.731;57.58
2026-04-07;23:00;EST-02;2.64;38.13;26.39;16.13;0.781;46.75
2026-04-01;00:00;EST-03;6.84;52.21;29.23;12.19;0.721;50.63
2026-04-01;01:00;EST-03;7.12;46.78;32.47;15.88;0.789;42.74
2026-04-01;02:00;EST-03;;;31.29;23.29;0.662;32.72
2026-04-01;03:00;EST-03;5.49;41.08;19.8;21.54;0.831;
2026-04-01;04:00;EST-03;7.8;46.44;25.76;19.61;0.722;29.44
2026-04-01;05:00;EST-03;6.05;43.23;27.3;27.31;1.006;34.68
2026-04-01;06:00;EST-03;6.63;50.71;34.6;22.42;1.198;23.92
2026-04-01;07:00;EST-03;6.18;40.98;29.02;26.74;1.234;24.11
2026-04-01;08:00;EST-03;7.01;48.64;28.41;22.24;1.157;18.34
2026-04-01;09:00;EST-03;7.65;52.48;29.47;25.29;1.074;36.78
2026-04-01;10:00;EST-03;6.39;63.15;34.6;30.04;1.186;
2026-04-01;11:00;EST-03;10.49;49.44;32.08;37.57;1.438;40.66
2026-04-01;12:00;EST-03;8.05;59.25;29.22;43.18;1.365;22.21
2026-04-01;13:00;EST-03;8.78;55.76;40.6;34.34;1.487;39.23
2026-04-01;14:00;EST-03;10.9;;37.64;38.07;1.464;39.89
2026-04-01;15:00;EST-03;8.97;51.1;38.15;30.15;1.629;47.51
2026-04-01;16:00;EST-03;8.62;51.4;32.81;36.69;1.542;47.18
2026-04-01;17:00;EST-03;9.6;51.7;33.94;27.09;1.489;49.1
2026-04-01;18:00;EST-03;7.5;60.77;34.92;20.23;1.33;43.05
2026-04-01;19:00;EST-03;8.8;67.29;29.96;29.63;1.21;53.33
2026-04-01;20:00;EST-03;7.77;58.52;27.54;33.29;1.038;53.39
2026-04-01;21:00;EST-03;7.87;53.53;26.94;21.86;1.004;51.32
2026-04-01;22:00;EST-03;7.38;40.05;31.13;24.94;1.042;52.66
2026-04-01;23:00;EST-03;7.41;49.48;31.88;22.89;1.118;38.84
2026-04-02;00:00;EST-03;6.81;44.04;27.42;15.33;0.623;43.84
2026-04-02;01:00;EST-03;4.24;47.97;22.95;24.03;0.845;41.5
2026-04-02;02:00;EST-03;4.15;40.08;24.04;;0.801;38.61
2026-04-02;03:00;EST-03;3.37;43.41;24.98;18.95;1.036;39.39
2026-04-02;04:00;EST-03;4.89;35.85;23.45;12.46;;29.42
2026-04-02;05:00;EST-03;;42.83;29.2;26.24;0.82;28.96
2026-04-02;06:00;EST-03;5.03;53.05;25.91;17.97;0.808;21.63
2026-04-02;07:00;EST-03;7.05;64.66;26.74;28.48;1.09;21.92
2026-04-02;08:00;EST-03;6.67;49.4;28.58;34.72;;28.91
2026-04-02;09:00;EST-03;7.92;48.88;32.3;32.84;1.259;29.51
2026-04-02;10:00;EST-03;8.83;41.61;37.67;40.61;1.443;33.74
2026-04-02;11:00;EST-03;6.72;54.33;30.28;31.02;1.514;26.64
2026-04-02;12:00;EST-03;8.58;44.54;33.04;35.15;1.369;29.65
2026-04-02;13:00;EST-03;11.2;49.34;30.22;32.46;1.632;46.77
2026-04-02;14:00;EST-03;9.4;52.5;32.5;40.26;1.391;46.76
2026-04-02;15:00;EST-03;10.63;57.02;36.16;38.69;1.675;37.48
2026-04-02;16:00;EST-03;10.15;53.74;30.91;35.2;1.427;40.81
2026-04-02;17:00;EST-03;6.5;49.39;38.2;41.21;1.476;54.27
2026-04-02;18:00;EST-03;7.38;53.34;33.49;27.17;1.206;50.81
2026-04-02;19:00;EST-03;;45.97;33.13;28.28;1.363;51.55
2026-04-02;20:00;EST-03;6.64;51.57;30.4;24.33;1.102;55.75
2026-04-02;21:00;EST-03;7.26;56.96;24.3;23.1;1.01;52.43
2026-04-02;22:00;EST-03;5.46;44.72;32.24;23.21;0.835;57.0
2026-04-02;23:00;EST-03;6.78;43.11;31.79;17.7;1.038;47.25
2026-04-03;00:00;EST-03;4.3;43.37;25.72;19.97;0.868;45.93
2026-04-03;01:00;EST-03;4.4;23.04;28.43;10.72;0.841;48.39
2026-04-03;02:00;EST-03;5.33;42.46;27.37;17.47;0.734;36.58
2026-04-03;03:00;EST-03;3.96;52.13;28.05;22.13;;36.63
2026-04-03;04:00;EST-03;5.06;48.38;31.3;20.16;0.766;29.35
2026-04-03;05:00;EST-03;7.58;44.88;27.86;26.5;;33.33
2026-04-03;06:00;EST-03;5.52;61.92;30.88;24.69;0.954;21.6
2026-04-03;07:00;EST-03;4.88;51.69;31.59;23.71;0.919;20.22
2026-04-03;08:00;EST-03;6.61;42.06;34.15;31.61;1.489;31.39
2026-04-03;09:00;EST-03;6.81;47.12;;26.95;1.219;32.26
2026-04-03;10:00;EST-03;8.73;57.33;33.25;;1.499;23.35
2026-04-03;11:00;EST-03;7.87;46.71;38.79;38.55;1.488;24.67
2026-04-03;12:00;EST-03;8.94;54.59;33.88;34.04;1.516;31.28
2026-04-03;13:00;EST-03;9.96;58.04;32.87;35.25;1.435;40.33
2026-04-03;14:00;EST-03;8.67;58.57;32.63;30.06;1.609;34.21
2026-04-03;15:00;EST-03;9.75;59.12;28.1;31.91;1.426;38.63
2026-04-03;16:00;EST-03;7.31;60.44;32.76;36.34;1.401;47.28
2026-04-03;17:00;EST-03;7.51;54.88;;33.54;1.343;42.91
2026-04-03;18:00;EST-03;8.2;55.87;31.6;28.42;1.39;62.73
2026-04-03;19:00;EST-03;7.15;54.37;33.1;19.06;1.255;48.04
2026-04-03;20:00;EST-03;8.66;49.28;;26.13;1.17;49.2
2026-04-03;21:00;EST-03;6.42;41.12;29.44;27.77;1.296;55.11
2026-04-03;22:00;EST-03;6.33;54.9;33.07;29.16;1.105;49.74
2026-04-03;23:00;EST-03;5.9;47.63;29.94;21.44;0.809;37.82
2026-04-04;00:00;EST-03;4.46;33.45;28.64;19.22;0.646;49.19
2026-04-04;01:00;EST-03;6.11;45.58;33.94;25.79;0.667;47.92
2026-04-04;02:00;EST-03;5.53;47.31;31.27;15.12;0.729;35.37
2026-04-04;03:00;EST-03;;44.41;23.02;14.12;0.881;35.91
2026-04-04;04:00;EST-03;5.73;34.27;25.66;16.98;0.851;30.32
2026-04-04;05:00;EST-03;6.71;46.21;28.94;20.69;;28.3
2026-04-04;06:00;EST-03;7.35;50.56;30.04;22.67;1.037;33.75
2026-04-04;07:00;EST-03;7.62;51.5;33.29;25.14;1.21;27.29
2026-04-04;08:00;EST-03;4.51;58.83;31.38;22.32;1.126;22.58
2026-04-04;09:00;EST-03;10.04;55.34;26.29;31.51;1.193;37.01
2026-04-04;10:00;EST-03;6.74;40.32;32.73;30.11;1.275;17.97
2026-04-04;11:00;EST-03;8.93;65.08;26.44;38.05;;42.41
2026-04-04;12:00;EST-03;9.26;54.87;37.47;36.9;1.382;36.8
2026-04-04;13:00;EST-03;8.32;45.86;41.01;34.3;;37.96
2026-04-04;14:00;EST-03;7.13;48.68;32.25;33.92;1.509;45.11
2026-04-04;15:00;EST-03;8.36;59.55;36.0;31.36;1.515;38.02
2026-04-04;16:00;EST-03;10.01;58.73;33.66;29.44;1.467;41.91
2026-04-04;17:00;EST-03;9.26;54.33;30.28;37.07;1.484;45.37
2026-04-04;18:00;EST-03;9.39;52.01;31.42;32.0;1.235;48.12
2026-04-04;19:00;EST-03;7.33;61.53;37.03;28.29;1.434;51.36
2026-04-04;20:00;EST-03;7.46;56.1;32.02;36.66;1.179;46.01
2026-04-04;21:00;EST-03;8.05;46.77;29.16;12.7;1.18;55.67
2026-04-04;22:00;EST-03;6.96;53.67;35.42;22.32;1.088;46.61
2026-04-04;23:00;EST-03;5.16;52.9;30.25;15.3;0.946;47.42
2026-04-05;00:00;EST-03;4.29;48.21;26.99;12.92;0.714;54.6
2026-04-05;01:00;EST-03;3.25;46.34;30.24;20.86;0.665;41.13
2026-04-05;02:00;EST-03;5.17;49.6;25.74;13.35;0.92;45.03
2026-04-05;03:00;EST-03;5.51;41.35;29.53;18.74;0.912;30.02
2026-04-05;04:00;EST-03;5.41;44.65;24.52;20.07;0.851;31.2
2026-04-05;05:00;EST-03;6.06;38.04;28.69;22.36;0.937;36.04
2026-04-05;06:00;EST-03;4.56;38.75;30.34;24.32;1.229;31.76
2026-04-05;07:00;EST-03;5.43;54.08;27.26;18.73;1.373;29.06
2026-04-05;08:00;EST-03;7.86;54.18;37.34;28.14;1.296;21.86
2026-04-05;09:00;EST-03;5.85;60.91;36.94;31.37;1.268;28.26
2026-04-05;10:00;EST-03;7.17;63.03;34.81;33.52;1.37;33.91
2026-04-05;11:00;EST-03;9.02;59.51;29.03;;1.66;28.07
2026-04-05;12:00;EST-03;;61.35;36.95;37.29;1.259;35.76
2026-04-05;13:00;EST-03;7.51;51.65;35.82;34.51;1.585;52.01
2026-04-05;14:00;EST-03;9.93;61.14;30.86;33.43;1.372;36.84
2026-04-05;15:00;EST-03;7.62;52.64;33.17;31.69;1.318;35.93
2026-04-05;16:00;EST-03;;56.35;37.19;38.97;1.412;49.1
2026-04-05;17:00;EST-03;6.69;68.74;37.31;32.5;1.258;50.24
2026-04-05;18:00;EST-03;5.76;49.12;35.12;31.8;1.266;55.08
2026-04-05;19:00;EST-03;6.27;54.06;30.03;25.94;1.296;46.61
2026-04-05;20:00;EST-03;;47.29;37.96;22.62;1.223;46.0
2026-04-05;21:00;EST-03;4.87;50.21;;19.57;1.202;47.59
2026-04-05;22:00;EST-03;6.16;50.08;31.58;15.31;1.169;53.13
2026-04-05;23:00;EST-03;5.08;40.41;22.95;15.19;0.968;46.63
2026-04-06;00:00;EST-03;3.91;42.44;33.88;17.88;0.777;52.5
2026-04-06;01:00;EST-03;5.62;45.27;25.97;12.1;0.671;40.33
2026-04-06;02:00;EST-03;4.74;46.94;29.93;18.89;0.826;
2026-04-06;03:00;EST-03;2.48;41.88;24.76;15.7;0.779;30.05
2026-04-06;04:00;EST-03;3.94;45.0;28.81;16.58;0.907;32.15
2026-04-06;05:00;EST-03;4.36;46.8;35.47;17.94;1.042;37.55
2026-04-06;06:00;EST-03;7.8;;36.55;22.97;0.945;27.52
2026-04-06;07:00;EST-03;7.2;49.55;29.6;29.8;0.973;22.21
2026-04-06;08:00;EST-03;7.95;;34.83;22.71;1.28;29.41
2026-04-06;09:00;EST-03;9.63;44.86;32.54;28.22;1.05;23.85
2026-04-06;10:00;EST-03;9.35;50.99;29.97;34.97;1.444;33.61
2026-04-06;11:00;EST-03;7.47;54.69;36.73;30.74;1.308;34.8
2026-04-06;12:00;EST-03;10.61;49.08;24.51;28.99;1.332;32.56
2026-04-06;13:00;EST-03;9.67;55.72;31.45;36.31;1.373;36.03
2026-04-06;14:00;EST-03;8.23;72.88;36.86;32.66;1.38;37.31
2026-04-06;15:00;EST-03;6.96;52.21;31.31;39.23;1.437;38.78
2026-04-06;16:00;EST-03;7.12;48.94;33.37;33.93;1.589;42.6
2026-04-06;17:00;EST-03;9.69;56.59;33.11;25.33;1.243;52.05
2026-04-06;18:00;EST-03;9.68;55.04;35.17;29.87;1.28;47.01
2026-04-06;19:00;EST-03;8.69;54.41;30.96;28.02;1.307;53.19
2026-04-06;20:00;EST-03;6.0;61.1;31.9;27.04;1.327;57.12
2026-04-06;21:00;EST-03;6.38;52.46;26.48;22.11;0.788;57.68
2026-04-06;22:00;EST-03;3.72;;26.59;18.58;0.952;51.66
2026-04-06;23:00;EST-03;6.32;57.19;30.13;24.16;0.831;51.91
2026-04-07;00:00;EST-03;5.45;42.82;28.07;18.96;0.87;47.76
2026-04-07;01:00;EST-03;4.46;40.56;30.72;11.52;0.738;50.5
2026-04-07;02:00;EST-03;1.75;40.64;30.41;11.4;;26.56
2026-04-07;03:00;EST-03;6.79;54.35;31.31;17.42;0.855;31.78
2026-04-07;04:00;EST-03;6.24;38.88;27.44;23.19;0.713;31.43
2026-04-07;05:00;EST-03;5.78;38.51;32.95;22.0;0.721;30.43
2026-04-07;06:00;EST-03;5.07;43.85;29.77;19.66;1.091;25.15
2026-04-07;07:00;EST-03;7.66;48.98;33.22;22.51;0.999;21.66
2026-04-07;08:00;EST-03;7.69;56.43;38.42;32.16;1.18;25.95
2026-04-07;09:00;EST-03;7.98;52.19;36.9;33.11;1.14;23.99
2026-04-07;10:00;EST-03;9.64;55.65;31.69;36.25;1.278;27.28
2026-04-07;11:00;EST-03;7.86;43.27;36.15;28.53;1.329;26.94
2026-04-07;12:00;EST-03;9.6;55.58;;28.08;1.443;25.87
2026-04-07;13:00;EST-03;9.3;58.8;;;1.551;39.24
2026-04-07;14:00;EST-03;9.17;55.64;37.38;40.41;1.344;44.77
2026-04-07;15:00;EST-03;9.55;62.36;35.53;30.72;1.347;51.86
2026-04-07;16:00;EST-03;9.03;47.49;34.82;33.35;1.232;34.3
2026-04-07;17:00;EST-03;6.49;56.67;32.95;32.37;1.432;51.34
2026-04-07;18:00;EST-03;5.48;51.99;29.6;26.57;1.259;49.71
2026-04-07;19:00;EST-03;7.2;43.62;30.09;37.39;1.114;43.14
2026-04-07;20:00;EST-03;7.33;54.38;32.62;22.52;1.27;48.07
2026-04-07;21:00;EST-03;5.12;45.6;29.84;27.53;;51.46
2026-04-07;22:00;EST-03;7.12;48.29;32.64;16.88;0.786;54.2
2026-04-07;23:00;EST-03;3.92;44.75;28.54;18.68;0.848;
